entry	pos	evidence	id	note	origin
A1ZB62	25-76	ECO:0000250|UniProtKB:P82706	PRO_0000448693	Bomanin Tailed 2	peptide
A1ZB63	24-40	ECO:0000250|UniProtKB:P82706	PRO_0000448689	Bomanin Short 5	peptide
A1ZB64	24-40	ECO:0000250|UniProtKB:P82706	PRO_0000448691	Bomanin Short 6	peptide
C0HLZ9	122-139	ECO:0000269|PubMed:34432851	PRO_0000455126	Immune-induced peptide 6	peptide
C0HLZ9	122-144	ECO:0000269|PubMed:16510152, ECO:0000269|PubMed:34432851, ECO:0000269|Ref.4	PRO_0000021499	Immune-induced peptide 12	peptide
C0HLZ9	149-171	ECO:0000269|PubMed:16510152, ECO:0000269|PubMed:34432851, ECO:0000269|Ref.4	PRO_0000021501	Immune-induced peptide 10	peptide
C0HLZ9	176-192	ECO:0000269|PubMed:34432851	PRO_0000455128	Immune-induced peptide 5	peptide
C0HLZ9	176-196	ECO:0000269|PubMed:34432851	PRO_0000455127	Immune-induced peptide 8	peptide
C0HLZ9	176-198	ECO:0000269|PubMed:16510152, ECO:0000269|PubMed:34432851, ECO:0000269|Ref.4, ECO:0000269|Ref.7	PRO_0000021503	Immune-induced peptide 13	peptide
C0HLZ9	205-257	ECO:0000269|PubMed:34432851	PRO_0000455130	Immune-induced peptide 22	peptide
C0HLZ9	22-117	ECO:0000269|PubMed:34432851, ECO:0000269|Ref.4	PRO_0000021497	Immune-induced peptide 24	peptide
C0HM00	122-139	ECO:0000269|PubMed:34432851	PRO_0000455135	Immune-induced peptide 6	peptide
C0HM00	122-144	ECO:0000269|PubMed:16510152, ECO:0000269|PubMed:34432851, ECO:0000269|Ref.4	PRO_0000455134	Immune-induced peptide 12	peptide
C0HM00	149-171	ECO:0000269|PubMed:16510152, ECO:0000269|PubMed:34432851, ECO:0000269|Ref.4	PRO_0000455137	Immune-induced peptide 10	peptide
C0HM00	176-192	ECO:0000269|PubMed:34432851	PRO_0000455141	Immune-induced peptide 5	peptide
C0HM00	176-196	ECO:0000269|PubMed:34432851	PRO_0000455140	Immune-induced peptide 8	peptide
C0HM00	176-198	ECO:0000269|PubMed:16510152, ECO:0000269|PubMed:34432851, ECO:0000269|Ref.4, ECO:0000269|Ref.6	PRO_0000455139	Immune-induced peptide 13	peptide
C0HM00	205-257	ECO:0000269|PubMed:34432851	PRO_0000455143	Immune-induced peptide 22	peptide
C0HM00	22-117	ECO:0000269|PubMed:34432851, ECO:0000269|Ref.4	PRO_0000455132	Immune-induced peptide 24	peptide
G5CKU5	25-33	ECO:0000269|PubMed:21704020, ECO:0000305|PubMed:21843505	PRO_0000439148	RYamide-1	peptide
G5CKU5	54-63	ECO:0000269|PubMed:21704020, ECO:0000305|PubMed:21843505	PRO_0000439150	RYamide-2	peptide
O46201	17-25		PRO_0000020591	Accessory gland protein 98AB	peptide
O46227	22-47		PRO_0000020582	Accessory gland peptide Acp33A	peptide
O77150	28-43		PRO_0000021491	Bomanin Short 2	peptide
O96690	25-79	ECO:0000250	PRO_0000043162	PDF precursor-related peptide	peptide
O96690	83-100	ECO:0000269|PubMed:21214272	PRO_0000043163	Neuropeptide PDF	peptide
P09040	114-122	ECO:0000255	PRO_0000010669	Drosulfakinin-1	peptide
P09040	126-139		PRO_0000010670	Drosulfakinin-2	peptide
P09040	76-82	ECO:0000255	PRO_0000010667	Drosulfakinin-0	peptide
P10333	118-264	ECO:0000269|PubMed:7556947	PRO_0000451075	CP3-C	peptide
P10333	19-48	ECO:0000269|PubMed:7556947	PRO_0000451070	CP1-N	peptide
P10333	49-264	ECO:0000269|PubMed:7556947	PRO_0000451071	CP1-C	peptide
P10333	49-67	ECO:0000269|PubMed:7556947	PRO_0000451072	CP2-N	peptide
P10333	68-117	ECO:0000269|PubMed:7556947	PRO_0000451074	CP3-N	peptide
P10333	68-264	ECO:0000269|PubMed:7556947	PRO_0000451073	CP2-C	peptide
P10552	106-114		PRO_0000009722	FMRFamide A	peptide
P10552	118-138		PRO_0000009723	Corticotropin-releasing factor-like	peptide
P10552	141-146		PRO_0000009724	AAMDRY-amide	peptide
P10552	149-157	ECO:0000269|PubMed:3272155	PRO_0000009725	DPKQDFMRF-amide	peptide
P10552	160-168	ECO:0000269|PubMed:3272155	PRO_0000009726	DPKQDFMRF-amide	peptide
P10552	171-179	ECO:0000269|PubMed:3272155	PRO_0000009727	DPKQDFMRF-amide	peptide
P10552	182-190	ECO:0000269|PubMed:3272155	PRO_0000009728	DPKQDFMRF-amide	peptide
P10552	193-201	ECO:0000269|PubMed:3272155	PRO_0000009729	DPKQDFMRF-amide	peptide
P10552	204-212		PRO_0000009730	TPAEDFMRF-amide	peptide
P10552	215-223		PRO_0000009731	TPAEDFMRF-amide	peptide
P10552	226-232		PRO_0000009732	SDNFMRF-amide	peptide
P10552	242-250		PRO_0000009734	SPKQDFMRF-amide	peptide
P10552	253-259		PRO_0000009735	PDNFMRF-amide	peptide
P10552	262-270		PRO_0000009736	SAPQDFVRS-amide	peptide
P10552	273-280		PRO_0000009737	MDSNFIRF-amide	peptide
P16548	23-52		PRO_0000020590	Accessory gland-specific peptide 95EF	peptide
P21663	24-57		PRO_0000004952	Andropin	peptide
P36193	22-40	ECO:0000269|PubMed:35730150	PRO_0000004959	Drosocin	peptide
P36193	43-64	ECO:0000269|PubMed:35730150	PRO_0000458865	Buletin	peptide
P61849	87-96		PRO_0000021798	Dromyosuppressin	peptide
P61855	23-30		PRO_0000000932	Adipokinetic hormone	peptide
P81160	22-52		PRO_0000021103	Ductus ejaculatorius peptide 99B	peptide
P81829	133-147		PRO_0000021581	Leucokinin	peptide
P82701	27-71		PRO_0000021507	Immune-induced peptide 18	peptide
P82705	27-41		PRO_0000021495	Daisho1	peptide
P82706	28-43		PRO_0000021489	Bomanin Short 1	peptide
P83869	23-46		PRO_0000021505	Daisho2	peptide
Q24049	36-59	ECO:0000255	PRO_0000020705	Amnesiac peptide 24	peptide
Q24049	62-93	ECO:0000255	PRO_0000020706	Amnesiac peptide 30	peptide
Q24049	96-151	ECO:0000255	PRO_0000020707	Amnesiac peptide 56	peptide
Q24395	27-52		PRO_0000004984	Metchnikowin	peptide
Q26377	20-30		PRO_0000000948	Corazonin	peptide
Q26377	34-67		PRO_0000000949	Corazonin precursor-related peptide	peptide
Q4V4I9	23-35	ECO:0000269|PubMed:21214272, ECO:0000269|PubMed:23293632	PRO_0000435025	Neuropeptide CCHamide-1	peptide
Q4V645	30-56	ECO:0000269|PubMed:21939639	PRO_0000437962	Trissin	peptide
Q6IGX9	27-38	ECO:0000250|UniProtKB:E2ASG4	PRO_5006746508	Neuropeptide SIFamide	peptide
Q7KUD5	23-50	ECO:0000255	PRO_0000016202	Insulin-like peptide 5 B chain	peptide
Q7KUD5	84-108	ECO:0000255	PRO_0000016204	Insulin-like peptide 5 A chain	peptide
Q8SXL2	27-39	ECO:0000269|PubMed:21214272, ECO:0000269|PubMed:23293632	PRO_0000435027	Neuropeptide CCHamide-2	peptide
Q95NH6	24-46		PRO_0000004899	Immune-induced peptide 16	peptide
Q9NIP6	116-130		PRO_0000029906	CAP-3	peptide
Q9NIP6	31-42		PRO_0000029902	CAP-1	peptide
Q9NIP6	83-92		PRO_0000029904	CAP-2	peptide
Q9U5V6	1-39		PRO_0000044775	Gonadal protein gdl-ORF39	peptide
Q9V8G0	24-39		PRO_0000021493	Bomanin Short 3	peptide
Q9VBL6	20-75		PRO_0000021762	Accessory gland-specific peptide 57Da	peptide
Q9VBL7	18-40		PRO_0000021763	Accessory gland-specific peptide 57Db	peptide
Q9VC44	138-148	ECO:0000269|PubMed:21214272	PRO_0000001153	Drostatin-4	peptide
Q9VC44	57-64	ECO:0000269|PubMed:21214272	PRO_0000001148	Drostatin-1	peptide
Q9VC44	68-78	ECO:0000269|PubMed:21214272	PRO_0000001149	Drostatin-5	peptide
Q9VC44	81-88	ECO:0000269|PubMed:21214272	PRO_0000001150	Drostatin-2	peptide
Q9VC44	92-99	ECO:0000269|PubMed:21214272	PRO_0000001151	Drostatin-3	peptide
Q9VCW0	52-60	ECO:0000250|UniProtKB:Q8WRC7	PRO_0000020852	Cardioactive peptide	peptide
Q9VET0	35-62	ECO:0000269|PubMed:10499420	PRO_0000283080	Neuropeptide F	peptide
Q9VG55	121-137	ECO:0000255	PRO_0000029909	Hug-gamma	peptide
Q9VG55	140-?	ECO:0000255	PRO_0000029910	Hug-peptide	peptide
Q9VG55	174-181	ECO:0000269|PubMed:12204246	PRO_0000029912	PK-2	peptide
Q9VGE8	102-110	ECO:0000269|PubMed:21214272	PRO_0000343491	Tachykinin-related peptide 2	peptide
Q9VGE8	114-153	ECO:0000255	PRO_0000343492	Tachykinin-associated peptide 2	peptide
Q9VGE8	157-165	ECO:0000269|PubMed:21214272	PRO_0000343493	Tachykinin-related peptide 3	peptide
Q9VGE8	169-188	ECO:0000255	PRO_0000343494	Tachykinin-associated peptide 3	peptide
Q9VGE8	191-200	ECO:0000269|PubMed:21214272	PRO_0000343495	Tachykinin-related peptide 4	peptide
Q9VGE8	204-210	ECO:0000255	PRO_0000343496	Tachykinin-associated peptide 4	peptide
Q9VGE8	213-239	ECO:0000255	PRO_0000343497	Tachykinin-associated peptide 5	peptide
Q9VGE8	243-270	ECO:0000255	PRO_0000343498	Tachykinin-associated peptide 6	peptide
Q9VGE8	273-281	ECO:0000269|PubMed:21214272	PRO_0000343499	Tachykinin-related peptide 5	peptide
Q9VGE8	50-59	ECO:0000269|PubMed:21214272	PRO_0000343489	Tachykinin-related peptide 1	peptide
Q9VGE8	63-95	ECO:0000255	PRO_0000343490	Tachykinin-associated peptide 1	peptide
Q9VIQ0	104-111	ECO:0000269|PubMed:21214272	PRO_0000284136	RLRF peptide 2	peptide
Q9VIQ0	167-173	ECO:0000269|PubMed:21214272	PRO_0000435015	sNPF peptide 3	peptide
Q9VIQ0	248-254	ECO:0000269|PubMed:21214272	PRO_0000435017	sNPF peptide 4	peptide
Q9VIQ0	67-77		PRO_0000284135	RLRF peptide 1	peptide
Q9VIQ0	80-90		PRO_0000022380	sNPF-associated peptide	peptide
Q9VIQ0	93-102	ECO:0000269|PubMed:21214272	PRO_0000022381	sNPF peptide 2	peptide
Q9VLK4	76-106	ECO:0000269|PubMed:21214272	PRO_0000006258	Diuretic hormone class 2	peptide
Q9VQ66	41-62		PRO_0000021854	Neuropeptide-like 4	peptide
Q9VT50	125-154	ECO:0000255	PRO_0000016188	Insulin-like peptide 1 A chain	peptide
Q9VT50	30-69	ECO:0000255	PRO_0000016186	Insulin-like peptide 1 B chain	peptide
Q9VT51	108-137	ECO:0000255	PRO_0000016192	Insulin-like peptide 2 A chain	peptide
Q9VT51	27-50	ECO:0000255	PRO_0000016190	Insulin-like peptide 2 B chain	peptide
Q9VT52	30-48	ECO:0000255	PRO_0000016194	Insulin-like peptide 3 B chain	peptide
Q9VT52	92-120	ECO:0000255	PRO_0000016196	Insulin-like peptide 3 A chain	peptide
Q9VT53	115-134	ECO:0000255	PRO_0000016200	Insulin-like peptide 4 A chain	peptide
Q9VT53	27-48	ECO:0000255	PRO_0000016198	Insulin-like peptide 4 B chain	peptide
Q9VU58	35-44		PRO_0000021843	Neuropeptide-like 2	peptide
Q9VV28	55-66		PRO_0000021846	SHA-peptide	peptide
Q9VV28	80-89		PRO_0000021848	VVI-amide peptide	peptide
Q9VVF7	151-159	ECO:0000269|PubMed:12171930, ECO:0000269|PubMed:21214272	PRO_0000001159	Drostatin-B2	peptide
Q9VVF7	163-175	ECO:0000269|PubMed:21214272	PRO_0000001160	Drostatin-B3	peptide
Q9VVF7	179-189	ECO:0000269|PubMed:21214272	PRO_0000001161	Drostatin-B4	peptide
Q9VVF7	193-202	ECO:0000269|PubMed:12171930, ECO:0000269|PubMed:21214272	PRO_0000001162	Drostatin-B5	peptide
Q9VVF7	66-74	ECO:0000255	PRO_0000001157	Drostatin-B1	peptide
Q9W0W6	102-115		PRO_0000021833	NAP peptide	peptide
Q9W0W6	118-148	ECO:0000255	PRO_0000021834	NPLP1-1	peptide
Q9W0W6	151-164		PRO_0000021835	MTYamide peptide	peptide
Q9W0W6	168-182		PRO_0000021836	IPNamide peptide	peptide
Q9W0W6	186-203	ECO:0000255	PRO_0000021837	NPLP1-2	peptide
Q9W0W6	206-226	ECO:0000255	PRO_0000021838	NPLP1-3	peptide
Q9W0W6	229-243	ECO:0000255	PRO_0000021839	NPLP1-4	peptide
Q9W0W6	246-287	ECO:0000255	PRO_0000021840	NPLP1-5	peptide
Q9W0W6	290-309	ECO:0000255	PRO_0000021841	NPLP1-6	peptide
Q9W4Q9	124-159	ECO:0000255	PRO_0000016212	Insulin-like peptide 7 A chain	peptide
Q9W4Q9	32-83	ECO:0000255	PRO_0000016210	Insulin-like peptide 7 B chain	peptide
Q9W4Z4	34-66	ECO:0000255	PRO_0000016206	Insulin-like peptide 6 B chain	peptide
Q9W4Z4	82-107	ECO:0000255	PRO_0000016208	Insulin-like peptide 6 A chain	peptide
