entry	pos	evidence	origin
A0A0B4K7K9	157-184	ECO:0000255	coiled_coil
A0A0B4K7K9	1935-2228	ECO:0000255	coiled_coil
A0A0B4K7K9	221-291	ECO:0000255	coiled_coil
A0A0B4K7K9	790-1878	ECO:0000255	coiled_coil
A0A0B4KEE4	585-612	ECO:0000255	coiled_coil
A1Z7Z9	732-1131	ECO:0000255	coiled_coil
A1Z8F4	653-682	ECO:0000255	coiled_coil
A1Z8P9	1196-1247	ECO:0000255	coiled_coil
A1Z8P9	1281-1536	ECO:0000255	coiled_coil
A1Z8P9	1579-1627	ECO:0000255	coiled_coil
A1Z8P9	217-366	ECO:0000255	coiled_coil
A1Z8P9	38-190	ECO:0000255	coiled_coil
A1Z8P9	395-493	ECO:0000255	coiled_coil
A1Z8P9	565-596	ECO:0000255	coiled_coil
A1Z8P9	643-1158	ECO:0000255	coiled_coil
A1Z9P3	1232-1296	ECO:0000255	coiled_coil
A1ZAJ2	358-436	ECO:0000255	coiled_coil
A1ZAJ2	576-674	ECO:0000255	coiled_coil
A1ZAU8	1277-1343	ECO:0000255	coiled_coil
A1ZAU8	601-639	ECO:0000255	coiled_coil
A1ZAV1	136-156	ECO:0000255	coiled_coil
A1ZB42	85-143	ECO:0000255	coiled_coil
A1ZBT5	117-142	ECO:0000255	coiled_coil
A8DYP0	439-466	ECO:0000255	coiled_coil
A8DYY6	550-594	ECO:0000255	coiled_coil
A8JNV4	102-133	ECO:0000255	coiled_coil
A8JR92	1415-1446	ECO:0000255	coiled_coil
A8JUV0	1064-1125	ECO:0000255	coiled_coil
B7Z0I7	274-330	ECO:0000255	coiled_coil
B7Z0K8	131-162	ECO:0000255	coiled_coil
B7Z0K8	194-222	ECO:0000255	coiled_coil
B7Z0K8	790-822	ECO:0000255	coiled_coil
C4NYP8	239-276	ECO:0000255	coiled_coil
F0JAI6	386-457	ECO:0000255	coiled_coil
M9MRD1	10072-10099	ECO:0000255	coiled_coil
M9MRD1	10172-10257	ECO:0000255	coiled_coil
M9MRD1	11016-11046	ECO:0000255	coiled_coil
M9MRD1	11220-11247	ECO:0000255	coiled_coil
M9MRD1	11281-11308	ECO:0000255	coiled_coil
M9MRD1	11655-11685	ECO:0000255	coiled_coil
M9MRD1	11776-11806	ECO:0000255	coiled_coil
M9MRD1	2894-2962	ECO:0000255	coiled_coil
M9MRD1	6356-6397	ECO:0000255	coiled_coil
M9MRD1	6454-6484	ECO:0000255	coiled_coil
M9MRD1	6567-6597	ECO:0000255	coiled_coil
M9MRD1	7419-7457	ECO:0000255	coiled_coil
M9MRD1	7799-7935	ECO:0000255	coiled_coil
M9MRI4	294-324	ECO:0000255	coiled_coil
M9PGC5	1142-1178	ECO:0000255	coiled_coil
O01352	197-244	ECO:0000255	coiled_coil
O01352	82-147	ECO:0000255	coiled_coil
O16844	652-821	ECO:0000255	coiled_coil
O16844	968-1001	ECO:0000255	coiled_coil
O18412	366-402	ECO:0000255	coiled_coil
O18412	664-687	ECO:0000255	coiled_coil
O46098	48-68	ECO:0000255	coiled_coil
O62609	65-92	ECO:0000255	coiled_coil
O76878	59-315	ECO:0000255	coiled_coil
O76924	387-410	ECO:0000255	coiled_coil
O76924	452-503	ECO:0000255	coiled_coil
O97420	21-77	ECO:0000255	coiled_coil
P05661	802-1927	ECO:0000255	coiled_coil
P06754	14-285	ECO:0000250	coiled_coil
P09491	1-284	ECO:0000250	coiled_coil
P10180	1056-1161	ECO:0000255	coiled_coil
P10180	1463-1522	ECO:0000255	coiled_coil
P10180	265-343	ECO:0000255	coiled_coil
P10180	433-499	ECO:0000255	coiled_coil
P11046	1255-1405	ECO:0000255	coiled_coil
P11046	1453-1505	ECO:0000255	coiled_coil
P11046	1540-1561	ECO:0000255	coiled_coil
P11046	1608-1762	ECO:0000255	coiled_coil
P11346	50-86	ECO:0000255	coiled_coil
P13095	23-61	ECO:0000255	coiled_coil
P13496	1128-1160	ECO:0000255	coiled_coil
P13496	213-570	ECO:0000255	coiled_coil
P13496	812-836	ECO:0000255	coiled_coil
P13496	967-1084	ECO:0000255	coiled_coil
P15215	1087-1109	ECO:0000255	coiled_coil
P15215	1144-1247	ECO:0000255	coiled_coil
P15215	1306-1627	ECO:0000255	coiled_coil
P16568	107-249	ECO:0000255	coiled_coil
P16568	15-77	ECO:0000255	coiled_coil
P16568	320-368	ECO:0000255	coiled_coil
P16568	444-477	ECO:0000255	coiled_coil
P16568	603-630	ECO:0000255	coiled_coil
P16568	695-743	ECO:0000255	coiled_coil
P18105	639-666	ECO:0000255	coiled_coil
P20480	196-346	ECO:0000255	coiled_coil
P22293	149-179	ECO:0000255	coiled_coil
P22293	276-296	ECO:0000255	coiled_coil
P22293	444-478	ECO:0000255	coiled_coil
P35415	32-858	ECO:0000255	coiled_coil
P35416	123-619	ECO:0000255	coiled_coil
P37276	1264-1368	ECO:0000255	coiled_coil
P37276	3189-3261	ECO:0000255	coiled_coil
P37276	3382-3478	ECO:0000255	coiled_coil
P37276	3723-3782	ECO:0000255	coiled_coil
P37276	530-565	ECO:0000255	coiled_coil
P37276	774-794	ECO:0000255	coiled_coil
P40797	420-516	ECO:0000255	coiled_coil
P41046	105-126	ECO:0000255	coiled_coil
P41046	20-44	ECO:0000255	coiled_coil
P41046	239-274	ECO:0000255	coiled_coil
P46863	362-462	ECO:0000255	coiled_coil
P46863	540-569	ECO:0000255	coiled_coil
P46863	639-738	ECO:0000255	coiled_coil
P46863	808-875	ECO:0000255	coiled_coil
P46863	889-918	ECO:0000255	coiled_coil
P46867	351-385	ECO:0000255	coiled_coil
P46867	426-582	ECO:0000255	coiled_coil
P48608	455-496	ECO:0000255	coiled_coil
P49455	14-267	ECO:0000250	coiled_coil
P50534	424-468	ECO:0000255	coiled_coil
P54623	626-654	ECO:0000255	coiled_coil
P54623	712-983	ECO:0000255	coiled_coil
P54623	97-516	ECO:0000255	coiled_coil
P82804	152-184	ECO:0000255	coiled_coil
P82804	64-91	ECO:0000255	coiled_coil
P83094	310-407	ECO:0000255	coiled_coil
P83094	420-462	ECO:0000255	coiled_coil
P91927	104-131	ECO:0000255	coiled_coil
P91927	488-525	ECO:0000255	coiled_coil
P91927	573-653	ECO:0000255	coiled_coil
P91927	823-919	ECO:0000255	coiled_coil
P91928	283-339	ECO:0000255	coiled_coil
P92189	147-167	ECO:0000255	coiled_coil
P92189	272-292	ECO:0000255	coiled_coil
P92189	74-103	ECO:0000255	coiled_coil
Q00174	2178-2249	ECO:0000255	coiled_coil
Q00174	2301-2321	ECO:0000255	coiled_coil
Q00174	2376-2450	ECO:0000255	coiled_coil
Q00174	2541-2676	ECO:0000255	coiled_coil
Q01989	900-1022	ECO:0000255	coiled_coil
Q04047	505-616	ECO:0000255	coiled_coil
Q0E908	216-272	ECO:0000255	coiled_coil
Q0E940	595-645	ECO:0000255|HAMAP-Rule:MF_03001	coiled_coil
Q0KHQ5	631-765	ECO:0000255	coiled_coil
Q0KHQ5	835-993	ECO:0000255	coiled_coil
Q0KIC3	409-438	ECO:0000255	coiled_coil
Q0KIC3	539-580	ECO:0000255	coiled_coil
Q0KIC3	75-143	ECO:0000255	coiled_coil
Q24141	3-49	ECO:0000255	coiled_coil
Q24167	1110-1162	ECO:0000255	coiled_coil
Q24167	880-908	ECO:0000255	coiled_coil
Q24167	982-1054	ECO:0000255	coiled_coil
Q24185	135-437	ECO:0000255	coiled_coil
Q24185	480-574	ECO:0000255	coiled_coil
Q24314	827-880	ECO:0000255	coiled_coil
Q24509	245-269	ECO:0000255	coiled_coil
Q24547	33-117	ECO:0000255	coiled_coil
Q27934	319-362	ECO:0000255	coiled_coil
Q32KD2	353-420	ECO:0000255	coiled_coil
Q4V516	269-306	ECO:0000255	coiled_coil
Q4V516	801-858	ECO:0000255	coiled_coil
Q59E36	256-283	ECO:0000255	coiled_coil
Q5LJZ2	1091-1132	ECO:0000255	coiled_coil
Q7JUX9	119-158	ECO:0000255	coiled_coil
Q7JWR9	246-270	ECO:0000255	coiled_coil
Q7JXF5	211-341	ECO:0000255	coiled_coil
Q7K0F0	182-203	ECO:0000255	coiled_coil
Q7K2D2	100-135	ECO:0000255	coiled_coil
Q7K2D2	353-377	ECO:0000255	coiled_coil
Q7K3D8	186-281	ECO:0000255	coiled_coil
Q7K4B4	342-379	ECO:0000255	coiled_coil
Q7K4B4	87-165	ECO:0000255	coiled_coil
Q7K5N4	240-256	ECO:0000269|PubMed:30258054	coiled_coil
Q7K5N4	298-324	ECO:0000269|PubMed:30258054	coiled_coil
Q7KN79	437-468	ECO:0000255	coiled_coil
Q7KNF2	9-74	ECO:0000255	coiled_coil
Q7KNS3	56-83	ECO:0000255|HAMAP-Rule:MF_03141	coiled_coil
Q7KRY7	1753-1790	ECO:0000255	coiled_coil
Q7KRY7	471-492	ECO:0000255	coiled_coil
Q7KRY7	677-693	ECO:0000255	coiled_coil
Q7KVY7	91-116	ECO:0000255	coiled_coil
Q7KW14	1077-1105	ECO:0000255	coiled_coil
Q7KW14	412-436	ECO:0000255	coiled_coil
Q7KW14	565-594	ECO:0000255	coiled_coil
Q7KW14	630-666	ECO:0000255	coiled_coil
Q7YU24	427-476	ECO:0000255	coiled_coil
Q7YU24	759-806	ECO:0000255	coiled_coil
Q7YZH1	1741-1770	ECO:0000255	coiled_coil
Q7YZH1	1893-1925	ECO:0000255	coiled_coil
Q86DS1	239-276	ECO:0000255	coiled_coil
Q8IMP6	276-307	ECO:0000255	coiled_coil
Q8IMP6	36-76	ECO:0000255	coiled_coil
Q8INF0	354-392	ECO:0000255	coiled_coil
Q8INF0	960-987	ECO:0000255	coiled_coil
Q8IP68	45-74	ECO:0000255	coiled_coil
Q8IPM8	29-138	ECO:0000255	coiled_coil
Q8IQ70	197-226	ECO:0000255	coiled_coil
Q8IQ70	313-335	ECO:0000255	coiled_coil
Q8IQQ4	192-244	ECO:0000255	coiled_coil
Q8IRB5	260-281	ECO:0000255	coiled_coil
Q8IRB5	564-587	ECO:0000255	coiled_coil
Q8IRB5	839-874	ECO:0000255	coiled_coil
Q8IRG6	466-504	ECO:0000255	coiled_coil
Q8IRJ8	95-178	ECO:0000255	coiled_coil
Q8MRQ4	222-249	ECO:0000255	coiled_coil
Q8MRQ4	564-592	ECO:0000255	coiled_coil
Q8MRW5	321-356	ECO:0000255	coiled_coil
Q8MSS1	141-175	ECO:0000255	coiled_coil
Q8MSS1	1785-1863	ECO:0000255	coiled_coil
Q8MSS1	1941-2433	ECO:0000255	coiled_coil
Q8MSS1	220-607	ECO:0000255	coiled_coil
Q8MSS1	2504-2544	ECO:0000255	coiled_coil
Q8MSS1	2600-2641	ECO:0000255	coiled_coil
Q8MSS1	52-85	ECO:0000255	coiled_coil
Q8MSS1	659-716	ECO:0000255	coiled_coil
Q8MSS1	751-1733	ECO:0000255	coiled_coil
Q8MSY4	322-344	ECO:0000255	coiled_coil
Q8MSY4	65-87	ECO:0000255	coiled_coil
Q8MT06	64-108	ECO:0000255	coiled_coil
Q8MT08	117-170	ECO:0000255	coiled_coil
Q8MT08	210-347	ECO:0000255	coiled_coil
Q8MT08	28-93	ECO:0000255	coiled_coil
Q8MUJ1	203-233	ECO:0000255	coiled_coil
Q8SWR2	120-331	ECO:0000255	coiled_coil
Q8SWR2	461-575	ECO:0000255	coiled_coil
Q8SX68	182-264	ECO:0000255	coiled_coil
Q8SX68	303-370	ECO:0000255	coiled_coil
Q8SX83	1449-1465	ECO:0000255	coiled_coil
Q8SX83	1902-2071	ECO:0000255	coiled_coil
Q8SX83	2732-2760	ECO:0000255	coiled_coil
Q8SX83	2925-2957	ECO:0000255	coiled_coil
Q8SX83	3026-3063	ECO:0000255	coiled_coil
Q8SX83	3905-3965	ECO:0000255	coiled_coil
Q8SX83	4465-4486	ECO:0000255	coiled_coil
Q8SXX4	265-327	ECO:0000255	coiled_coil
Q8SXX4	379-484	ECO:0000255	coiled_coil
Q8SXX4	554-583	ECO:0000255	coiled_coil
Q8SY72	1-31	ECO:0000255	coiled_coil
Q8SYK4	53-82	ECO:0000255	coiled_coil
Q8SYK5	50-79	ECO:0000255	coiled_coil
Q8SZ63	108-423	ECO:0000255	coiled_coil
Q8T0Q4	22-88	ECO:0000269|PubMed:27452459, ECO:0000269|PubMed:28564595, ECO:0007744|PDB:5J45, ECO:0007744|PDB:5VO5	coiled_coil
Q8T390	227-247	ECO:0000255	coiled_coil
Q94981	341-361	ECO:0000255	coiled_coil
Q95RG8	477-518	ECO:0000255	coiled_coil
Q95RR8	656-694	ECO:0000255|HAMAP-Rule:MF_03181	coiled_coil
Q960V3	142-209	ECO:0000255	coiled_coil
Q960V3	235-382	ECO:0000255	coiled_coil
Q960Z0	205-244	ECO:0000255	coiled_coil
Q961C9	225-253	ECO:0000255	coiled_coil
Q99323	926-2016	ECO:0000255	coiled_coil
Q9GQF1	363-489	ECO:0000255	coiled_coil
Q9GQF1	814-849	ECO:0000255	coiled_coil
Q9GQF1	84-191	ECO:0000255	coiled_coil
Q9GYU8	542-594	ECO:0000255	coiled_coil
Q9GYV5	60-331	ECO:0000255	coiled_coil
Q9I7D3	109-188	ECO:0000255	coiled_coil
Q9I7K5	134-164	ECO:0000255	coiled_coil
Q9I7K6	377-400	ECO:0000255	coiled_coil
Q9I7U4	4204-4229	ECO:0000255	coiled_coil
Q9I7U4	7621-7663	ECO:0000255	coiled_coil
Q9NDJ2	187-212	ECO:0000255	coiled_coil
Q9NDJ2	1951-1996	ECO:0000255	coiled_coil
Q9NDJ2	666-696	ECO:0000255	coiled_coil
Q9NDJ2	741-784	ECO:0000255	coiled_coil
Q9U1M2	1-39	ECO:0000255	coiled_coil
Q9V3B6	150-182	ECO:0000255	coiled_coil
Q9V3G6	131-165	ECO:0000255	coiled_coil
Q9V3V7	51-86	ECO:0000255	coiled_coil
Q9V3Z6	886-919	ECO:0000255	coiled_coil
Q9V412	195-216	ECO:0000255	coiled_coil
Q9V468	285-366	ECO:0000255	coiled_coil
Q9V4A7	1402-1451	ECO:0000255	coiled_coil
Q9V4P1	834-861	ECO:0000255	coiled_coil
Q9V4W1	122-179	ECO:0000255	coiled_coil
Q9V4W1	280-346	ECO:0000255	coiled_coil
Q9V5Q4	1-29	ECO:0000255	coiled_coil
Q9V785	12-95	ECO:0000255	coiled_coil
Q9V785	122-221	ECO:0000255	coiled_coil
Q9V7H4	1096-1130	ECO:0000255	coiled_coil
Q9V877	509-612	ECO:0000255	coiled_coil
Q9V8K2	28-91	ECO:0000255	coiled_coil
Q9V9Y9	210-243	ECO:0000255	coiled_coil
Q9V9Y9	32-114	ECO:0000255	coiled_coil
Q9V9Z9	205-252	ECO:0000255	coiled_coil
Q9VAC8	178-441	ECO:0000255	coiled_coil
Q9VAP2	329-356	ECO:0000255	coiled_coil
Q9VB25	1035-1071	ECO:0000255	coiled_coil
Q9VB25	619-670	ECO:0000255	coiled_coil
Q9VB25	768-848	ECO:0000255	coiled_coil
Q9VBQ9	75-115	ECO:0000255	coiled_coil
Q9VBV5	104-135	ECO:0000255	coiled_coil
Q9VBX1	331-370	ECO:0000255	coiled_coil
Q9VBX1	481-514	ECO:0000255	coiled_coil
Q9VBX1	774-839	ECO:0000255	coiled_coil
Q9VC45	1614-1641	ECO:0000255	coiled_coil
Q9VC70	98-132	ECO:0000255	coiled_coil
Q9VC94	1119-1157	ECO:0000255	coiled_coil
Q9VCA8	2674-2732	ECO:0000255	coiled_coil
Q9VCE1	119-243	ECO:0000255	coiled_coil
Q9VCG2	101-153	ECO:0000255	coiled_coil
Q9VCG3	108-154	ECO:0000255	coiled_coil
Q9VCG3	212-241	ECO:0000255	coiled_coil
Q9VCR6	274-294	ECO:0000255	coiled_coil
Q9VDD1	120-177	ECO:0000255	coiled_coil
Q9VDE5	295-350	ECO:0000255	coiled_coil
Q9VDE6	28-90	ECO:0000255	coiled_coil
Q9VDY1	136-161	ECO:0000255	coiled_coil
Q9VE50	52-80	ECO:0000255	coiled_coil
Q9VE50	6-23	ECO:0000255	coiled_coil
Q9VEC3	277-311	ECO:0000255	coiled_coil
Q9VEC3	340-364	ECO:0000255	coiled_coil
Q9VEJ2	190-221	ECO:0000255	coiled_coil
Q9VEJ2	774-851	ECO:0000255	coiled_coil
Q9VEU5	430-458	ECO:0000255	coiled_coil
Q9VEU6	427-455	ECO:0000255	coiled_coil
Q9VEX5	521-550	ECO:0000255	coiled_coil
Q9VEX6	62-221	ECO:0000255	coiled_coil
Q9VFG8	1049-1076	ECO:0000255	coiled_coil
Q9VFG8	201-229	ECO:0000255	coiled_coil
Q9VFG8	335-463	ECO:0000255	coiled_coil
Q9VFS8	4-32	ECO:0000255	coiled_coil
Q9VFS8	61-91	ECO:0000255	coiled_coil
Q9VG76	52-79	ECO:0000255	coiled_coil
Q9VGG6	168-250	ECO:0000255	coiled_coil
Q9VGV8	13-59	ECO:0000255	coiled_coil
Q9VHU1	540-596	ECO:0000255	coiled_coil
Q9VI82	445-509	ECO:0000255	coiled_coil
Q9VIF6	426-453	ECO:0000255	coiled_coil
Q9VIP0	188-208	ECO:0000255	coiled_coil
Q9VIQ9	1266-1293	ECO:0000255	coiled_coil
Q9VIQ9	1561-1588	ECO:0000255	coiled_coil
Q9VIS1	1378-1404	ECO:0000255	coiled_coil
Q9VJE5	1001-1121	ECO:0000255	coiled_coil
Q9VJE5	1158-1549	ECO:0000255	coiled_coil
Q9VJE5	1565-1600	ECO:0000255	coiled_coil
Q9VJE5	378-468	ECO:0000255	coiled_coil
Q9VJE5	484-660	ECO:0000255	coiled_coil
Q9VJE5	667-916	ECO:0000255	coiled_coil
Q9VJE5	926-981	ECO:0000255	coiled_coil
Q9VK07	251-278	ECO:0000255	coiled_coil
Q9VK07	330-394	ECO:0000255	coiled_coil
Q9VKD6	128-199	ECO:0000255	coiled_coil
Q9VKG9	107-135	ECO:0000255	coiled_coil
Q9VKJ1	572-600	ECO:0000255	coiled_coil
Q9VKJ9	355-382	ECO:0000255	coiled_coil
Q9VKK1	1159-1188	ECO:0000255	coiled_coil
Q9VKK1	765-803	ECO:0000255	coiled_coil
Q9VKK1	893-936	ECO:0000255	coiled_coil
Q9VKK1	969-1036	ECO:0000255	coiled_coil
Q9VKM6	142-202	ECO:0000255	coiled_coil
Q9VL63	111-269	ECO:0000255	coiled_coil
Q9VL96	507-538	ECO:0000255|HAMAP-Rule:MF_03028	coiled_coil
Q9VL96	589-625	ECO:0000255|HAMAP-Rule:MF_03028	coiled_coil
Q9VLC0	299-325	ECO:0000255	coiled_coil
Q9VLT8	47-74	ECO:0000255	coiled_coil
Q9VM65	156-183	ECO:0000255	coiled_coil
Q9VM65	32-99	ECO:0000255	coiled_coil
Q9VMA7	494-620	ECO:0000255	coiled_coil
Q9VMA7	869-1245	ECO:0000255	coiled_coil
Q9VMD0	438-469	ECO:0000255	coiled_coil
Q9VMD9	1009-1050	ECO:0000255	coiled_coil
Q9VMD9	1312-1343	ECO:0000255	coiled_coil
Q9VMD9	1613-1641	ECO:0000255	coiled_coil
Q9VMD9	570-635	ECO:0000255	coiled_coil
Q9VMJ7	960-1049	ECO:0000255	coiled_coil
Q9VMU5	511-569	ECO:0000255	coiled_coil
Q9VMX1	384-434	ECO:0000255	coiled_coil
Q9VMX6	7-27	ECO:0000255	coiled_coil
Q9VNH6	36-70	ECO:0000255	coiled_coil
Q9VPK7	30-50	ECO:0000255	coiled_coil
Q9VPU8	270-298	ECO:0000255, ECO:0000269|PubMed:16542639	coiled_coil
Q9VPW8	218-238	ECO:0000255	coiled_coil
Q9VQF9	50-124	ECO:0000255	coiled_coil
Q9VQS5	252-380	ECO:0000255	coiled_coil
Q9VR52	170-196	ECO:0000255	coiled_coil
Q9VR56	44-67	ECO:0000255	coiled_coil
Q9VR99	109-159	ECO:0000255	coiled_coil
Q9VR99	206-236	ECO:0000255	coiled_coil
Q9VR99	346-375	ECO:0000255	coiled_coil
Q9VRL2	62-103	ECO:0000255	coiled_coil
Q9VRN3	30-65	ECO:0000255	coiled_coil
Q9VRP9	218-386	ECO:0000255	coiled_coil
Q9VRP9	417-546	ECO:0000255	coiled_coil
Q9VRP9	43-81	ECO:0000255	coiled_coil
Q9VRP9	664-767	ECO:0000255	coiled_coil
Q9VRP9	794-970	ECO:0000255	coiled_coil
Q9VS38	52-101	ECO:0000255	coiled_coil
Q9VS48	321-372	ECO:0000255	coiled_coil
Q9VSU7	197-221	ECO:0000255	coiled_coil
Q9VT70	29-180	ECO:0000255	coiled_coil
Q9VTE0	69-134	ECO:0000255	coiled_coil
Q9VTM0	102-160	ECO:0000255	coiled_coil
Q9VTU0	307-362	ECO:0000255	coiled_coil
Q9VU84	177-220	ECO:0000255	coiled_coil
Q9VUX2	1159-1181	ECO:0000255	coiled_coil
Q9VVB4	263-406	ECO:0000255	coiled_coil
Q9VVB4	500-555	ECO:0000255	coiled_coil
Q9VVG4	156-269	ECO:0000255	coiled_coil
Q9VVI1	99-130	ECO:0000255	coiled_coil
Q9VVI9	21-93	ECO:0000255	coiled_coil
Q9VVL6	189-223	ECO:0000255	coiled_coil
Q9VVN4	168-240	ECO:0000255	coiled_coil
Q9VVN4	327-359	ECO:0000255	coiled_coil
Q9VVT5	147-239	ECO:0000255	coiled_coil
Q9VW51	853-883	ECO:0000255	coiled_coil
Q9VWB9	1252-1286	ECO:0000255	coiled_coil
Q9VWN4	122-147	ECO:0000255	coiled_coil
Q9VWN4	269-347	ECO:0000255	coiled_coil
Q9VWR8	508-535	ECO:0000255	coiled_coil
Q9VWS4	225-257	ECO:0000255	coiled_coil
Q9VXT2	158-208	ECO:0000255	coiled_coil
Q9VXT5	108-131	ECO:0000255	coiled_coil
Q9VXT5	290-325	ECO:0000255	coiled_coil
Q9VXT5	444-475	ECO:0000255	coiled_coil
Q9VXT5	6-51	ECO:0000255	coiled_coil
Q9VYY9	352-463	ECO:0000255	coiled_coil
Q9VYY9	494-583	ECO:0000255	coiled_coil
Q9VYY9	627-772	ECO:0000255	coiled_coil
Q9VZ08	1452-1520	ECO:0000255	coiled_coil
Q9VZZ4	1403-1441	ECO:0000255	coiled_coil
Q9VZZ9	246-275	ECO:0000255	coiled_coil
Q9W0M1	1192-1233	ECO:0000255	coiled_coil
Q9W0M1	1405-1439	ECO:0000255	coiled_coil
Q9W0M1	1501-1654	ECO:0000255	coiled_coil
Q9W0M1	1726-1935	ECO:0000255	coiled_coil
Q9W0M1	471-505	ECO:0000255	coiled_coil
Q9W0M1	76-384	ECO:0000255	coiled_coil
Q9W0M1	853-887	ECO:0000255	coiled_coil
Q9W0M1	922-970	ECO:0000255	coiled_coil
Q9W0S8	86-115	ECO:0000255	coiled_coil
Q9W0T1	2338-2373	ECO:0000255	coiled_coil
Q9W0T1	460-515	ECO:0000255	coiled_coil
Q9W0T1	688-720	ECO:0000255	coiled_coil
Q9W148	143-176	ECO:0000255	coiled_coil
Q9W148	220-258	ECO:0000255	coiled_coil
Q9W148	357-379	ECO:0000255	coiled_coil
Q9W148	452-477	ECO:0000255	coiled_coil
Q9W148	91-115	ECO:0000255	coiled_coil
Q9W1B0	473-587	ECO:0000255	coiled_coil
Q9W1B0	643-688	ECO:0000255	coiled_coil
Q9W1B0	839-881	ECO:0000255	coiled_coil
Q9W1R4	748-778	ECO:0000255	coiled_coil
Q9W1R5	779-808	ECO:0000255	coiled_coil
Q9W1U4	115-150	ECO:0000255	coiled_coil
Q9W1X7	282-318	ECO:0000255	coiled_coil
Q9W252	189-256	ECO:0000255	coiled_coil
Q9W252	305-333	ECO:0000255	coiled_coil
Q9W252	434-641	ECO:0000255	coiled_coil
Q9W252	645-685	ECO:0000255	coiled_coil
Q9W252	713-741	ECO:0000255	coiled_coil
Q9W252	830-1101	ECO:0000255	coiled_coil
Q9W261	604-665	ECO:0000255	coiled_coil
Q9W2H9	194-216	ECO:0000255	coiled_coil
Q9W2H9	323-343	ECO:0000255	coiled_coil
Q9W2I4	9-36	ECO:0000255	coiled_coil
Q9W2P0	135-171	ECO:0000255	coiled_coil
Q9W2P0	212-241	ECO:0000255	coiled_coil
Q9W2S3	565-593	ECO:0000255	coiled_coil
Q9W376	175-204	ECO:0000255	coiled_coil
Q9W3J8	175-332	ECO:0000255	coiled_coil
Q9W3J8	395-416	ECO:0000255	coiled_coil
Q9W3J8	715-742	ECO:0000255	coiled_coil
Q9W3N6	663-707	ECO:0000255	coiled_coil
Q9W3N6	744-806	ECO:0000255	coiled_coil
Q9W420	467-494	ECO:0000255	coiled_coil
Q9W420	7-59	ECO:0000255	coiled_coil
Q9W4M8	141-163	ECO:0000255	coiled_coil
Q9W5D0	265-308	ECO:0000255	coiled_coil
Q9W5D0	362-438	ECO:0000255	coiled_coil
Q9W5P1	87-111	ECO:0000255	coiled_coil
Q9XTM1	44-96	ECO:0000255	coiled_coil
Q9XZS3	27-50	ECO:0000255	coiled_coil
Q9Y091	254-319	ECO:0000255	coiled_coil
Q9Y0E4	1809-1842	ECO:0000255	coiled_coil
Q9Y103	363-411	ECO:0000255	coiled_coil
